<?xml version="1.0" encoding="UTF-8"?>
<!--This scenario file was created by SGDiCoP on 2014-04-16T15:14:48-->
<scenario>
    <!--Obstacles-->
    <obstacle x1="0" y1="0" x2="30" y2="0"/>
    <obstacle x1="0" y1="0" x2="0" y2="30"/>
    <obstacle x1="0" y1="30" x2="30" y2="30"/>
    <obstacle x1="30" y1="30" x2="30" y2="0"/>
    <!--Waypoints (incl. WaitingQueues)-->
    <waypoint id="enter_bookshop" x="25" y="5" r="3"/>
    <waypoint id="enter_starbucksky" x="5" y="25" r="3"/>
    <queue id="info_desk" x="20" y="15" direction="0"/>
    <waypoint id="leave_bookshop" x="25" y="20" r="3"/>
    <waypoint id="leave_starbucksky" x="5" y="10" r="3"/>
    <waypoint id="robot_goal" x="22" y="27" r="2"/>
    <waypoint id="robot_start" x="4" y="4" r="2"/>
    <!--Attractions-->
    <!--Agents-->
    <agent x="5" y="6" n="1" dx="0" dy="0" type="2">
        <!-- <addwaypoint id="robot_start"/>
        <addwaypoint id="robot_goal"/> -->
        <addwaypoint id="enter_starbucksky"/>
        <addwaypoint id="robot_goal"/>
        <addwaypoint id="enter_bookshop"/>
        <addwaypoint id="robot_start"/>
    </agent>
    <!--AgentClusters-->
    <agent x="4" y="4" n="50" dx="3" dy="3" type="0">
        <addwaypoint id="enter_starbucksky"/>
        <addwaypoint id="robot_goal"/>
        <addwaypoint id="enter_bookshop"/>
        <addwaypoint id="robot_start"/>
    </agent>
</scenario>
