<?xml version="1.0" encoding="UTF-8"?>
<!-- Agent in shops and the robot passes by as well -->
<scenario>
    <!--Obstacles-->
    <obstacle x1="0" y1="0" x2="30" y2="0"/>
    <obstacle x1="0" y1="0" x2="0" y2="30"/>
    <obstacle x1="0" y1="30" x2="30" y2="30"/>
    <obstacle x1="30" y1="30" x2="30" y2="0"/>
    <!--Waypoints (incl. WaitingQueues)-->
    <waypoint id="enter_bookshop" x="25" y="10" r="3"/>
    <waypoint id="enter_starbucksky" x="5" y="20" r="3"/>
    <!-- <queue id="info_desk" x="20" y="15" direction="0"/> -->
    <waypoint id="leave_bookshop" x="25" y="20" r="3"/>
    <waypoint id="leave_starbucksky" x="5" y="10" r="3"/>
    <waypoint id="robot_goal" x="22" y="27" r="5"/>
    <waypoint id="robot_start" x="4" y="4" r="2"/>
    <!--Attractions-->
    <attraction id="Bookshop" x="17" y="12" width="10" height="15" strength="50.0"/>
    <!-- <attraction id="starbucksky" x="3" y="15" width="5" height="10" strength="2"/> -->
    <!--Agents-->
    <agent x="4" y="4" n="1" dx="0" dy="0" type="2">
        <addwaypoint id="robot_start"/>
        <addwaypoint id="robot_goal"/>
    </agent>
    <!--AgentClusters-->
    <agent x="7" y="10" n="30" dx="3" dy="3" type="1">
        <!-- <addqueue id="info_desk"/> -->
        <addwaypoint id="leave_bookshop"/>
        <addwaypoint id="robot_goal"/>
        <addwaypoint id="enter_starbucksky"/>
        <addwaypoint id="leave_starbucksky"/>
        <addwaypoint id="enter_bookshop"/>
    </agent>

</scenario>
