<?xml version="1.0" encoding="UTF-8"?>
<!-- people standing around and only moving slightly -->
<scenario>
    <!--Obstacles-->
    <obstacle x1="0" y1="0" x2="30" y2="0"/>
    <obstacle x1="0" y1="0" x2="0" y2="30"/>
    <obstacle x1="0" y1="30" x2="30" y2="30"/>
    <obstacle x1="30" y1="30" x2="30" y2="0"/>
    <!--Waypoints (incl. WaitingQueues)-->
    <!-- <waypoint id="enter_bookshop" x="15" y="10" r="5"/>
    <waypoint id="enter_starbucksky" x="5" y="20" r="3"/>
    <queue id="info_desk" x="20" y="15" direction="0"/>
    <waypoint id="leave_bookshop" x="15" y="20" r="5"/>
    <waypoint id="leave_starbucksky" x="5" y="10" r="3"/>
     -->
   <!--  <waypoint id="robot_goal" x="22" y="27" r="2"/>
    <waypoint id="robot_start" x="4" y="4" r="2"/> -->

    <waypoint id="a" x="5" y="5" r="2"/>
    <waypoint id="b" x="5" y="20" r="2"/>
    <waypoint id="c" x="20" y="20" r="2"/>
    <waypoint id="d" x="20" y="5" r="2"/>

    <agent x="4" y="4" n="1" dx="0" dy="0" type="2">
        <addwaypoint id="a"/>
        <addwaypoint id="b"/>
        <addwaypoint id="c"/>
        <addwaypoint id="d"/>
    </agent>


    <!--AgentClusters-->
    <agent x="5" y="20" n="10" dx="5" dy="5" type="3">
        <!-- waypoints do not matter for standing agents -->
        <addwaypoint id="a"/>
        <addwaypoint id="b"/>
    </agent>

    <agent x="20" y="20" n="10" dx="5" dy="5" type="3">
        <addwaypoint id="a"/>
        <addwaypoint id="b"/>
    </agent>

    <agent x="5" y="5" n="10" dx="5" dy="5" type="3">
        <addwaypoint id="a"/>
        <addwaypoint id="b"/>
    </agent>

    <agent x="20" y="5" n="10" dx="5" dy="5" type="3">
        <addwaypoint id="a"/>
        <addwaypoint id="b"/>
    </agent>

</scenario>
