<?xml version="1.0" encoding="UTF-8"?>
<!--This scenario file was created by SGDiCoP on 2013-10-07T18:19:33-->
<scenario>
    <!--Obstacles-->
    <obstacle x1="-20" y1="-230" x2="-290" y2="-230"/>
    <obstacle x1="-40" y1="-200" x2="-310" y2="-200"/>
    <obstacle x1="-100" y1="-100" x2="-60" y2="-100"/>
    <obstacle x1="-100" y1="-100" x2="-100" y2="-40"/>
    <obstacle x1="0" y1="20" x2="0" y2="150"/>
    <obstacle x1="-100" y1="100" x2="-160" y2="160"/>
    <obstacle x1="0" y1="-20" x2="200" y2="-20"/>
    <obstacle x1="0" y1="20" x2="200" y2="20"/>
    <obstacle x1="200" y1="20" x2="270" y2="120"/>
    <obstacle x1="200" y1="-20" x2="270" y2="-120"/>
    <obstacle x1="240" y1="20" x2="280" y2="80"/>
    <obstacle x1="240" y1="20" x2="240" y2="-20"/>
    <obstacle x1="240" y1="-20" x2="280" y2="-80"/>
    <obstacle x1="0" y1="-100" x2="0" y2="-20"/>
    <obstacle x1="280" y1="80" x2="400" y2="80"/>
    <obstacle x1="270" y1="120" x2="400" y2="120"/>
    <obstacle x1="280" y1="-80" x2="400" y2="-80"/>
    <obstacle x1="270" y1="-120" x2="400" y2="-120"/>
    <obstacle x1="-10" y1="-100" x2="-10" y2="-200"/>
    <obstacle x1="-60" y1="-100" x2="-60" y2="-200"/>
    <obstacle x1="400" y1="120" x2="400" y2="80"/>
    <obstacle x1="400" y1="-80" x2="400" y2="-120"/>
    <obstacle x1="-160" y1="160" x2="-360" y2="160"/>
    <obstacle x1="-10" y1="-100" x2="0" y2="-100"/>
    <obstacle x1="-10" y1="-200" x2="60" y2="-270"/>
    <obstacle x1="-20" y1="-230" x2="50" y2="-300"/>
    <obstacle x1="60" y1="-270" x2="120" y2="-280"/>
    <obstacle x1="50" y1="-300" x2="70" y2="-350"/>
    <obstacle x1="120" y1="-280" x2="70" y2="-350"/>
    <obstacle x1="-290" y1="-230" x2="-290" y2="-360"/>
    <obstacle x1="-310" y1="-200" x2="-310" y2="-360"/>
    <obstacle x1="-310" y1="-360" x2="-290" y2="-360"/>
    <obstacle x1="-10" y1="160" x2="190" y2="360"/>
    <obstacle x1="-40" y1="170" x2="170" y2="380"/>
    <obstacle x1="190" y1="360" x2="170" y2="380"/>
    <obstacle x1="-170" y1="300" x2="-170" y2="400"/>
    <obstacle x1="-40" y1="170" x2="-150" y2="280"/>
    <obstacle x1="-360" y1="160" x2="-360" y2="230"/>
    <obstacle x1="-360" y1="300" x2="-310" y2="300"/>
    <obstacle x1="-150" y1="280" x2="-150" y2="400"/>
    <obstacle x1="-170" y1="400" x2="-210" y2="490"/>
    <obstacle x1="-150" y1="400" x2="-110" y2="490"/>
    <obstacle x1="-210" y1="490" x2="-110" y2="490"/>
    <obstacle x1="-340" y1="230" x2="-490" y2="230"/>
    <obstacle x1="-360" y1="240" x2="-360" y2="300"/>
    <obstacle x1="-360" y1="240" x2="-460" y2="240"/>
    <obstacle x1="-460" y1="240" x2="-460" y2="320"/>
    <obstacle x1="-490" y1="230" x2="-490" y2="490"/>
    <obstacle x1="-490" y1="490" x2="-460" y2="490"/>
    <obstacle x1="-310" y1="300" x2="-310" y2="320"/>
    <obstacle x1="-300" y1="300" x2="-300" y2="330"/>
    <obstacle x1="-300" y1="300" x2="-170" y2="300"/>
    <obstacle x1="-460" y1="320" x2="-310" y2="320"/>
    <obstacle x1="-460" y1="330" x2="-300" y2="330"/>
    <obstacle x1="-460" y1="330" x2="-460" y2="490"/>
    <obstacle x1="-70" y1="-100" x2="-70" y2="-60"/>
    <obstacle x1="-70" y1="40" x2="-70" y2="-40"/>
    <obstacle x1="-70" y1="100" x2="-70" y2="60"/>
    <obstacle x1="-70" y1="60" x2="-40" y2="60"/>
    <obstacle x1="-70" y1="40" x2="-50" y2="40"/>
    <obstacle x1="-70" y1="-40" x2="-50" y2="-40"/>
    <obstacle x1="-70" y1="-60" x2="-40" y2="-60"/>
    <obstacle x1="-50" y1="40" x2="-50" y2="-40"/>
    <obstacle x1="-40" y1="-60" x2="-40" y2="-200"/>
    <obstacle x1="-70" y1="100" x2="-160" y2="190"/>
    <obstacle x1="-160" y1="190" x2="-160" y2="230"/>
    <obstacle x1="-160" y1="230" x2="-210" y2="230"/>
    <obstacle x1="-230" y1="230" x2="-320" y2="230"/>
    <obstacle x1="-100" y1="40" x2="-100" y2="100"/>
    <obstacle x1="-40" y1="60" x2="-40" y2="130"/>
    <obstacle x1="-40" y1="130" x2="-160" y2="250"/>
    <obstacle x1="-100" y1="20" x2="-100" y2="-20"/>
    <obstacle x1="-140" y1="360" x2="-140" y2="340"/>
    <obstacle x1="-140" y1="360" x2="-130" y2="360"/>
    <obstacle x1="-140" y1="350" x2="-130" y2="350"/>
    <obstacle x1="70" y1="210" x2="80" y2="210"/>
    <obstacle x1="70" y1="200" x2="80" y2="200"/>
    <obstacle x1="70" y1="190" x2="80" y2="190"/>
    <obstacle x1="70" y1="210" x2="70" y2="190"/>
    <obstacle x1="260" y1="10" x2="260" y2="-10"/>
    <obstacle x1="264" y1="10" x2="270" y2="0"/>
    <obstacle x1="270" y1="0" x2="264" y2="-10"/>
    <obstacle x1="25" y1="-200" x2="30" y2="-200"/>
    <obstacle x1="20" y1="-205" x2="20" y2="-215"/>
    <obstacle x1="25" y1="-220" x2="30" y2="-220"/>
    <obstacle x1="0" y1="150" x2="-10" y2="160"/>
    <obstacle x1="-320" y1="300" x2="-320" y2="230"/>
    <obstacle x1="-340" y1="230" x2="-340" y2="250"/>
    <obstacle x1="-160" y1="250" x2="-210" y2="250"/>
    <obstacle x1="-210" y1="250" x2="-210" y2="230"/>
    <obstacle x1="-230" y1="230" x2="-230" y2="250"/>
    <obstacle x1="-230" y1="250" x2="-320" y2="250"/>
    <obstacle x1="260" y1="10" x2="264" y2="10"/>
    <obstacle x1="264" y1="-10" x2="260" y2="-10"/>
    <obstacle x1="20" y1="-205" x2="25" y2="-200"/>
    <obstacle x1="20" y1="-215" x2="25" y2="-220"/>
    <!--Waypoints (incl. WaitingQueues)-->
    <queue id="Checkpoint1" x="-60" y="50" direction="0"/>
    <waypoint id="Checkpoint1Post" x="-45" y="50" r="9"/>
    <waypoint id="Checkpoint1Pre" x="-75" y="50" r="9"/>
    <queue id="Checkpoint2" x="-60" y="-50" direction="0"/>
    <waypoint id="Checkpoint2Post" x="-45" y="-50" r="9"/>
    <waypoint id="Checkpoint2Pre" x="-75" y="-50" r="9"/>
    <queue id="Checkpoint3" x="-330" y="240" direction="90"/>
    <queue id="Checkpoint4" x="-220" y="240" direction="90"/>
    <waypoint id="EntryNorth" x="-100" y="30" r="8"/>
    <waypoint id="EntrySouth" x="-100" y="-30" r="8"/>
    <waypoint id="GateD" x="210" y="0" r="20"/>
    <waypoint id="GateDNorth" x="280" y="100" r="12"/>
    <waypoint id="GateDNorthEnd" x="375" y="100" r="15"/>
    <waypoint id="GateDSouth" x="280" y="-100" r="12"/>
    <waypoint id="GateDSouthEnd" x="375" y="-100" r="15"/>
    <waypoint id="GateE" x="170" y="360" r="10"/>
    <waypoint id="GateF" x="-160" y="470" r="10"/>
    <waypoint id="Hall2East" x="-150" y="260" r="10"/>
    <waypoint id="Hall2GateF" x="-160" y="290" r="10"/>
    <waypoint id="MainhallCenterNorth" x="-20" y="15" r="15"/>
    <waypoint id="MainhallCenterSouth" x="-20" y="-15" r="15"/>
    <waypoint id="MainhallGateD" x="0" y="0" r="12"/>
    <waypoint id="MainhallGateE" x="-30" y="150" r="10"/>
    <waypoint id="MainhallGateEEntry" x="-30" y="160" r="10"/>
    <waypoint id="MainhallNorth" x="-30" y="90" r="10"/>
    <waypoint id="MainhallWest" x="-85" y="0" r="10"/>
    <waypoint id="MainhallWestNorth" x="-85" y="35" r="8"/>
    <waypoint id="MainhallWestSouth" x="-85" y="-35" r="8"/>
    <waypoint id="NonAirport" x="-200" y="0" r="50"/>
    <!--Attractions-->
    <attraction id="Shop1" x="-13" y="60" width="14" height="40" strength="2"/>
    <attraction id="Shop10" x="-335" y="295" width="30" height="10" strength="1"/>
    <attraction id="Shop11" x="-175" y="255" width="30" height="10" strength="4"/>
    <attraction id="Shop2" x="235" y="0" width="10" height="40" strength="1"/>
    <attraction id="Shop3" x="-45" y="20" width="10" height="20" strength="1"/>
    <attraction id="Shop4" x="-13" y="125" width="14" height="30" strength="1"/>
    <attraction id="Shop5" x="-15" y="95" width="10" height="10" strength="2"/>
    <attraction id="Shop6" x="85" y="275" width="10" height="10" strength="1"/>
    <attraction id="Shop7" x="-145" y="435" width="10" height="10" strength="1"/>
    <attraction id="Shop8" x="-195" y="285" width="30" height="10" strength="6"/>
    <attraction id="Shop9" x="-255" y="285" width="30" height="10" strength="1"/>
    <attraction id="WindowGateDNorth" x="100" y="19" width="160" height="2" strength="1"/>
    <attraction id="WindowGateDSouth" x="100" y="-19" width="160" height="2" strength="1"/>
    <attraction id="WindowMainhallNorth" x="-1" y="80" width="2" height="80" strength="1"/>
    <attraction id="WindowMainhallSouth" x="-1" y="-50" width="2" height="20" strength="1"/>
    <!--Agents-->
    <!--AgentClusters-->
    <agent x="-25" y="155" n="1" dx="0" dy="0" type="1"/>
    <agent x="-140" y="30" n="20" dx="50" dy="50" type="0">
        <addwaypoint id="EntryNorth"/>
        <addwaypoint id="MainhallWestNorth"/>
        <addwaypoint id="Checkpoint1Pre"/>
        <addqueue id="Checkpoint1"/>
        <addwaypoint id="Checkpoint1Post"/>
        <addwaypoint id="MainhallGateD"/>
        <addwaypoint id="GateD"/>
        <addwaypoint id="GateDNorth"/>
        <addwaypoint id="GateDNorthEnd"/>
        <addwaypoint id="GateDNorth"/>
        <addwaypoint id="GateD"/>
        <addwaypoint id="MainhallGateD"/>
        <addwaypoint id="Checkpoint1Post"/>
        <addwaypoint id="Checkpoint1Pre"/>
        <addwaypoint id="MainhallWestNorth"/>
        <addwaypoint id="EntryNorth"/>
        <addwaypoint id="NonAirport"/>
    </agent>
    <agent x="-140" y="-30" n="20" dx="50" dy="50" type="0">
        <addwaypoint id="EntrySouth"/>
        <addwaypoint id="MainhallWestSouth"/>
        <addwaypoint id="Checkpoint2Pre"/>
        <addqueue id="Checkpoint2"/>
        <addwaypoint id="Checkpoint2Post"/>
        <addwaypoint id="MainhallGateD"/>
        <addwaypoint id="GateD"/>
        <addwaypoint id="GateDSouth"/>
        <addwaypoint id="GateDSouthEnd"/>
        <addwaypoint id="GateDSouth"/>
        <addwaypoint id="GateD"/>
        <addwaypoint id="MainhallGateD"/>
        <addwaypoint id="Checkpoint2Post"/>
        <addwaypoint id="Checkpoint2Pre"/>
        <addwaypoint id="MainhallWestSouth"/>
        <addwaypoint id="EntrySouth"/>
        <addwaypoint id="NonAirport"/>
    </agent>
    <agent x="380" y="100" n="40" dx="30" dy="15" type="0">
        <addwaypoint id="GateDNorth"/>
        <addwaypoint id="GateD"/>
        <addwaypoint id="MainhallGateD"/>
        <addwaypoint id="Checkpoint1Post"/>
        <addwaypoint id="Checkpoint1Pre"/>
        <addwaypoint id="MainhallWestNorth"/>
        <addwaypoint id="EntryNorth"/>
        <addwaypoint id="NonAirport"/>
        <addwaypoint id="EntryNorth"/>
        <addwaypoint id="MainhallWestNorth"/>
        <addwaypoint id="Checkpoint1Pre"/>
        <addqueue id="Checkpoint1"/>
        <addwaypoint id="Checkpoint1Post"/>
        <addwaypoint id="MainhallGateD"/>
        <addwaypoint id="GateD"/>
        <addwaypoint id="GateDNorth"/>
        <addwaypoint id="GateDNorthEnd"/>
    </agent>
    <agent x="350" y="-100" n="40" dx="50" dy="15" type="0">
        <addwaypoint id="GateDSouth"/>
        <addwaypoint id="GateD"/>
        <addwaypoint id="MainhallGateD"/>
        <addwaypoint id="Checkpoint2Post"/>
        <addwaypoint id="Checkpoint2Pre"/>
        <addwaypoint id="MainhallWestSouth"/>
        <addwaypoint id="EntrySouth"/>
        <addwaypoint id="NonAirport"/>
        <addwaypoint id="EntrySouth"/>
        <addwaypoint id="MainhallWestSouth"/>
        <addwaypoint id="Checkpoint2Pre"/>
        <addqueue id="Checkpoint2"/>
        <addwaypoint id="Checkpoint2Post"/>
        <addwaypoint id="MainhallGateD"/>
        <addwaypoint id="GateD"/>
        <addwaypoint id="GateDSouth"/>
        <addwaypoint id="GateDSouthEnd"/>
    </agent>
    <agent x="145" y="0" n="30" dx="30" dy="20" type="0">
        <addwaypoint id="MainhallGateD"/>
        <addwaypoint id="MainhallCenterNorth"/>
        <addwaypoint id="MainhallNorth"/>
        <addwaypoint id="MainhallGateE"/>
        <addwaypoint id="MainhallGateEEntry"/>
        <addwaypoint id="GateE"/>
        <addwaypoint id="MainhallGateEEntry"/>
        <addwaypoint id="MainhallGateE"/>
        <addwaypoint id="MainhallCenterNorth"/>
        <addwaypoint id="MainhallGateD"/>
        <addwaypoint id="GateD"/>
        <addwaypoint id="GateDSouth"/>
        <addwaypoint id="GateDSouthEnd"/>
        <addwaypoint id="GateDSouth"/>
        <addwaypoint id="GateD"/>
    </agent>
    <agent x="170" y="360" n="20" dx="10" dy="10" type="0">
        <addwaypoint id="MainhallGateEEntry"/>
        <addwaypoint id="MainhallGateE"/>
        <addwaypoint id="MainhallCenterNorth"/>
        <addwaypoint id="MainhallGateD"/>
        <addwaypoint id="GateD"/>
        <addwaypoint id="GateDNorth"/>
        <addwaypoint id="GateDNorthEnd"/>
        <addwaypoint id="GateDNorth"/>
        <addwaypoint id="GateD"/>
        <addwaypoint id="MainhallGateD"/>
        <addwaypoint id="MainhallCenterNorth"/>
        <addwaypoint id="MainhallNorth"/>
        <addwaypoint id="MainhallGateE"/>
        <addwaypoint id="MainhallGateEEntry"/>
        <addwaypoint id="GateE"/>
    </agent>
    <agent x="-160" y="470" n="20" dx="10" dy="10" type="0">
        <addwaypoint id="Hall2GateF"/>
        <addwaypoint id="Hall2East"/>
        <addwaypoint id="MainhallGateE"/>
        <addwaypoint id="MainhallCenterNorth"/>
        <addwaypoint id="MainhallGateD"/>
        <addwaypoint id="GateD"/>
        <addwaypoint id="GateDSouth"/>
        <addwaypoint id="GateDSouthEnd"/>
        <addwaypoint id="GateDSouth"/>
        <addwaypoint id="MainhallGateD"/>
        <addwaypoint id="MainhallCenterNorth"/>
        <addwaypoint id="MainhallNorth"/>
        <addwaypoint id="MainhallGateE"/>
        <addwaypoint id="Hall2East"/>
        <addwaypoint id="Hall2GateF"/>
        <addwaypoint id="GateF"/>
    </agent>
</scenario>