<?xml version="1.0" encoding="UTF-8"?>
<!--This scenario file was created by SGDiCoP on 2014-06-05T18:26:32-->
<scenario>
    <!--Obstacles-->
    <obstacle x1="10" y1="0" x2="20" y2="0"/>
    <obstacle x1="0" y1="0" x2="0" y2="30"/>
    <obstacle x1="15" y1="30" x2="55" y2="30"/>
    <obstacle x1="60" y1="25" x2="60" y2="5"/>
    <obstacle x1="40" y1="0" x2="55" y2="0"/>
    <obstacle x1="0" y1="30" x2="5" y2="30"/>
    <!--Waypoints (incl. WaitingQueues)-->
    <waypoint id="A" x="4" y="-4" r="3"/>
    <waypoint id="B" x="10" y="34" r="3"/>
    <waypoint id="C" x="62" y="32" r="3"/>
    <waypoint id="D" x="62" y="-1" r="3"/>
    <waypoint id="E" x="37" y="-5" r="3"/>
    <waypoint id="decision" x="30" y="10" r="3"/>
    <queue id="klm" x="25" y="26" direction="95"/>
    <queue id="kq" x="35" y="26" direction="90"/>
    <waypoint id="r0" x="14" y="23" r="3"/>
    <waypoint id="r1" x="4" y="15" r="3"/>
    <waypoint id="r2" x="14" y="7" r="3"/>
    <waypoint id="r3" x="57" y="16" r="3"/>
    <waypoint id="r4" x="42" y="9" r="3"/>
    <!--Attractions-->
  <!--   <attraction id="info_zone" x="30" y="28" width="15" height="4" strength="0"/>
    <attraction id="lacoste" x="10" y="15" width="6" height="15" strength="5"/>
    <attraction id="thalia" x="52" y="15" width="6" height="10" strength="10"/> -->
    <!--Agents-->
    <!--AgentClusters-->
    <agent x="1.67" y="28.23" n="1" dx="0" dy="0" type="2">
        <addwaypoint id="r0"/>
        <addwaypoint id="E"/>
        <!-- <addwaypoint id="A"/> -->
        <!-- <addwaypoint id="r1"/> -->
        <addwaypoint id="r2"/>
        <addwaypoint id="C"/>
        <!-- <addwaypoint id="r0"/> -->
        <addwaypoint id="r3"/>
        <addwaypoint id="r4"/>
        <addwaypoint id="D"/>
        <addwaypoint id="E"/>
        <!-- <addwaypoint id="A"/> -->
        <addwaypoint id="B"/>
    </agent>
    <agent x="10" y="36" n="10" dx="5" dy="5" type="0">
        <addwaypoint id="r0"/>
        <addwaypoint id="E"/>
        <addwaypoint id="D"/>
        <addwaypoint id="decision"/>
        <addqueue id="kq"/>
        <addwaypoint id="C"/>
        <addwaypoint id="B"/>
    </agent>
    <agent x="10" y="36" n="10" dx="5" dy="5" type="0">
        <addwaypoint id="r0"/>
        <addwaypoint id="E"/>
        <addwaypoint id="D"/>
        <addwaypoint id="decision"/>
        <addwaypoint id="C"/>
        <addwaypoint id="B"/>
    </agent>

    <agent x="5" y="3" n="10" dx="5" dy="5" type="1">
        <addwaypoint id="r2"/>
        <addwaypoint id="decision"/>
        <addqueue id="klm"/>
        <addwaypoint id="C"/>
        <addwaypoint id="D"/>
        <addwaypoint id="E"/>
        <addwaypoint id="A"/>
    </agent>
    <agent x="5" y="3" n="10" dx="5" dy="5" type="1">
        <addwaypoint id="r1"/>
        <addwaypoint id="decision"/>
        <addwaypoint id="C"/>
        <addwaypoint id="D"/>
        <addwaypoint id="E"/>
        <addwaypoint id="A"/>
    </agent>

    <agent x="46" y="13" n="15" dx="5" dy="5" type="3">
        <addwaypoint id="decision"/>
        <addwaypoint id="r4"/>
    </agent>
    <agent x="64" y="-3" n="10" dx="5" dy="5" type="1">
        <addwaypoint id="decision"/>
        <addqueue id="kq"/>
        <addwaypoint id="C"/>
        <addwaypoint id="B"/>
        <addwaypoint id="r0"/>
        <addwaypoint id="E"/>
        <addwaypoint id="D"/>
    </agent>
    <agent x="64" y="-3" n="10" dx="5" dy="5" type="1">
        <addwaypoint id="decision"/>
        <addwaypoint id="C"/>
        <addwaypoint id="B"/>
        <addwaypoint id="r0"/>
        <addwaypoint id="E"/>
        <addwaypoint id="D"/>
    </agent>
</scenario>
