<?xml version="1.0" encoding="UTF-8"?>
<scenario>
  <!--Obstacles-->
  <obstacle x1="-0.5" y1="-0.5" x2="29.5" y2="-0.5"/>
  <obstacle x1="-0.5" y1="-0.5" x2="-0.5" y2="14.5"/>
  <obstacle x1="-0.5" y1="14.5" x2="29.5" y2="14.5"/>
  <obstacle x1="29.5" y1="-0.5" x2="29.5" y2="14.5"/>

  <waypoint id="east" x="5" y="5" r="2" b="1"/>
  <!-- Sink -->
  <waypoint id="west" x="25" y="5" r="2" b="2"/>

  <waypoint id="robot_goal" x="22" y="27" r="2"/>
  <waypoint id="robot_start" x="4" y="4" r="2"/>


  <agent x="4" y="4" n="1" dx="0" dy="0" type="2">
    <addwaypoint id="robot_start"/>
    <addwaypoint id="robot_goal"/>
  </agent>

  <!--AgentClusters-->
  <source x="2" y="5" n="8" dx="3" dy="5" type="0">
    <addwaypoint id="east"/>
    <addwaypoint id="west"/>
  </source>

</scenario>
