<?xml version="1.0" encoding="UTF-8"?>
<!--This scenario file was created by SGDiCoP on 2014-01-22T16:42:05-->
<scenario>
    <!--Obstacles-->
    <obstacle x1="0" y1="50" x2="5" y2="45"/>
    <obstacle x1="5" y1="45" x2="35" y2="45"/>
    <obstacle x1="35" y1="45" x2="40" y2="40"/>
    <obstacle x1="40" y1="40" x2="40" y2="10"/>
    <obstacle x1="40" y1="10" x2="45" y2="5"/>
    <obstacle x1="45" y1="5" x2="65" y2="5"/>
    <obstacle x1="65" y1="5" x2="70" y2="10"/>
    <obstacle x1="70" y1="10" x2="70" y2="40"/>
    <obstacle x1="70" y1="40" x2="75" y2="45"/>
    <obstacle x1="75" y1="45" x2="105" y2="45"/>
    <obstacle x1="105" y1="45" x2="110" y2="50"/>
    <obstacle x1="110" y1="50" x2="110" y2="70"/>
    <obstacle x1="110" y1="70" x2="105" y2="75"/>
    <obstacle x1="105" y1="75" x2="75" y2="75"/>
    <obstacle x1="75" y1="75" x2="70" y2="80"/>
    <obstacle x1="70" y1="80" x2="70" y2="110"/>
    <obstacle x1="70" y1="110" x2="65" y2="115"/>
    <obstacle x1="65" y1="115" x2="45" y2="115"/>
    <obstacle x1="45" y1="115" x2="40" y2="110"/>
    <obstacle x1="40" y1="110" x2="40" y2="80"/>
    <obstacle x1="40" y1="80" x2="35" y2="75"/>
    <obstacle x1="35" y1="75" x2="5" y2="75"/>
    <obstacle x1="5" y1="75" x2="0" y2="70"/>
    <obstacle x1="0" y1="70" x2="0" y2="50"/>
    <!--Waypoints (incl. WaitingQueues)-->
    <waypoint id="a" x="10" y="70" r="5"/>
    <waypoint id="b" x="45" y="105" r="5"/>
    <waypoint id="c" x="65" y="105" r="5"/>
    <waypoint id="d" x="100" y="70" r="5"/>
    <waypoint id="e" x="100" y="50" r="5"/>
    <waypoint id="f" x="65" y="15" r="5"/>
    <waypoint id="g" x="45" y="15" r="5"/>
    <waypoint id="h" x="10" y="50" r="5"/>
    <waypoint id="robot_goal" x="55" y="110" r="1"/>
    <waypoint id="robot_start" x="5" y="60" r="1"/>
    <!--Attractions-->
    <!--Agents-->
    <agent x="89.86" y="69.87" n="1" dx="0" dy="0" type="0">
        <addwaypoint id="a"/>
        <addwaypoint id="h"/>
        <addwaypoint id="e"/>
        <addwaypoint id="d"/>
    </agent>
    <agent x="5" y="60" n="1" dx="0" dy="0" type="2">
        <addwaypoint id="robot_start"/>
        <addwaypoint id="robot_goal"/>
    </agent>
    <!--AgentClusters-->
    <agent x="60" y="70" n="30" dx="60" dy="5" type="0">
        <addwaypoint id="a"/>
        <addwaypoint id="h"/>
        <addwaypoint id="e"/>
        <addwaypoint id="d"/>
    </agent>
    <agent x="40" y="50" n="30" dx="60" dy="5" type="0">
        <addwaypoint id="e"/>
        <addwaypoint id="d"/>
        <addwaypoint id="a"/>
        <addwaypoint id="h"/>
    </agent>
    <agent x="65" y="40" n="30" dx="5" dy="60" type="1">
        <addwaypoint id="c"/>
        <addwaypoint id="b"/>
        <addwaypoint id="g"/>
        <addwaypoint id="f"/>
    </agent>
    <agent x="45" y="80" n="30" dx="5" dy="60" type="1">
        <addwaypoint id="g"/>
        <addwaypoint id="f"/>
        <addwaypoint id="c"/>
        <addwaypoint id="b"/>
    </agent>
</scenario>
