<?xml version="1.0" encoding="UTF-8"?>
<!--This scenario file was created by SGDiCoP on 2014-04-16T15:14:48-->
<scenario>
    <!--Obstacles-->
  <obstacle x1="-0.5" y1="-0.5" x2="29.5" y2="-0.5"/>
  <obstacle x1="-0.5" y1="-0.5" x2="-0.5" y2="29.5"/>
  <obstacle x1="-0.5" y1="29.5" x2="29.5" y2="29.5"/>
	<obstacle x1="29.5" y1="29.5" x2="29.5" y2="-0.5"/>

  <!--Waypoints (incl. WaitingQueues)-->
  <waypoint id="bookshop_entry" x="25" y="5" r="5"/>
  <waypoint id="bookshop_exit" x="25" y="25" r="5"/>

  <waypoint id="coffee_entry" x="5" y="25" r="5"/>
  <waypoint id="coffee_exit" x="5" y="5" r="5"/>

  <waypoint id="robot_goal" x="22" y="27" r="2"/>
  <waypoint id="robot_start" x="4" y="4" r="2"/>

  <queue id="info_desk" x="20" y="15" direction="0"/>


    <!--Agents-->
    <agent x="17" y="11" n="1" dx="0" dy="0" type="2">
        <addwaypoint id="robot_start"/>
        <addwaypoint id="robot_goal"/>
    </agent>
    <!--AgentClusters-->
    <agent x="6" y="5" n="10" dx="3" dy="3" type="0">
        <addwaypoint id="bookshop_entry"/>
        <addwaypoint id="bookshop_exit"/>
        <addwaypoint id="coffee_entry"/>
        <addwaypoint id="coffee_exit"/>
    </agent>
    <agent x="7" y="5" n="5" dx="3" dy="3" type="1">
        <addqueue id="info_desk"/>
        <addwaypoint id="bookshop_exit"/>
        <addwaypoint id="coffee_entry"/>
        <addwaypoint id="coffee_exit"/>
    </agent>
    <agent x="24" y="25" n="10" dx="4" dy="4" type="0">
        <addwaypoint id="coffee_entry"/>
        <addwaypoint id="coffee_exit"/>
        <addwaypoint id="bookshop_entry"/>
        <addwaypoint id="bookshop_exit"/>
    </agent>
    <agent x="23" y="25" n="5" dx="3" dy="3" type="1">
        <addwaypoint id="coffee_entry"/>
        <addqueue id="info_desk"/>
        <addwaypoint id="bookshop_exit"/>
    </agent>
</scenario>
